images,titles,tags,descriptions,colors
C:\Users\Administrator\Desktop\NP Denali R\A1JGS4X-dVL.png,Gates of the Arctic National Park Alaska Retro Graphic,"Alaska, National Park, Gates Of The Arctic, Hiking, Park, Travel, Nature, Usa, National, Camping, Mountain, Vintage, Retro, America, Adventure, Mountains, Wildlife, Gifts, Gates Of The Arctic National Park Alaska, Gates Of The Arctic National Park National Park, Gates Of The Arctic National Park Gates Of The Arctic, Gates Of The Arctic National Park Hiking, Gates Of The Arctic National Park Park, Gates Of The Arctic National Park Travel, Gates Of The Arctic National Park Nature, Gates Of The Arctic National Park Usa, Gates Of The Arctic National Park National, Gates Of The Arctic National Park Camping, Gates Of The Arctic National Park Mountain, Gates Of The Arctic National Park Vintage, Gates Of The Arctic National Park Retro, Gates Of The Arctic National Park America, Gates Of The Arctic National Park Adventure, Gates Of The Arctic National Park Mountains, Gates Of The Arctic National Park Wildlife, Gates Of The Arctic National Park Gifts,","This cool Gates of the Arctic National Park graphic is a perfect souvenir to remember your camping, hiking, biking, boating, hunting, fishing or trail riding trip to this wildlife park.",#000000
C:\Users\Administrator\Desktop\NP Denali R\A1lxeGkpDJL.png,Gates of the Arctic National Park Alaska Retro Graphic,"Alaska, National Park, Gates Of The Arctic, Hiking, Park, Travel, Nature, Usa, National, Camping, Mountain, Vintage, Retro, America, Adventure, Mountains, Wildlife, Gifts, Gates Of The Arctic National Park Alaska, Gates Of The Arctic National Park National Park, Gates Of The Arctic National Park Gates Of The Arctic, Gates Of The Arctic National Park Hiking, Gates Of The Arctic National Park Park, Gates Of The Arctic National Park Travel, Gates Of The Arctic National Park Nature, Gates Of The Arctic National Park Usa, Gates Of The Arctic National Park National, Gates Of The Arctic National Park Camping, Gates Of The Arctic National Park Mountain, Gates Of The Arctic National Park Vintage, Gates Of The Arctic National Park Retro, Gates Of The Arctic National Park America, Gates Of The Arctic National Park Adventure, Gates Of The Arctic National Park Mountains, Gates Of The Arctic National Park Wildlife, Gates Of The Arctic National Park Gifts,","This cool Gates of the Arctic National Park graphic is a perfect souvenir to remember your camping, hiking, biking, boating, hunting, fishing or trail riding trip to this wildlife park.",#000000
C:\Users\Administrator\Desktop\NP Denali R\61CcUne4PEL.png,Gates of the Arctic National Park gift ,"Alaska, National Park, Gates Of The Arctic, Hiking, Park, Travel, Nature, Usa, National, Camping, Mountain, Vintage, Retro, America, Adventure, Mountains, Wildlife, Gifts, Gates Of The Arctic National Park Alaska, Gates Of The Arctic National Park National Park, Gates Of The Arctic National Park Gates Of The Arctic, Gates Of The Arctic National Park Hiking, Gates Of The Arctic National Park Park, Gates Of The Arctic National Park Travel, Gates Of The Arctic National Park Nature, Gates Of The Arctic National Park Usa, Gates Of The Arctic National Park National, Gates Of The Arctic National Park Camping, Gates Of The Arctic National Park Mountain, Gates Of The Arctic National Park Vintage, Gates Of The Arctic National Park Retro, Gates Of The Arctic National Park America, Gates Of The Arctic National Park Adventure, Gates Of The Arctic National Park Mountains, Gates Of The Arctic National Park Wildlife, Gates Of The Arctic National Park Gifts,",This Gates of the Arctic national park product makes an excellent gift or souvenir for anyone visiting this beautiful place. Click on Dr National Parks Co for more options!,#ffffff
C:\Users\Administrator\Desktop\NP Denali R\61DadCzy4DL.png,Gates of the Arctic national park gift ,"Alaska, National Park, Gates Of The Arctic, Hiking, Park, Travel, Nature, Usa, National, Camping, Mountain, Vintage, Retro, America, Adventure, Mountains, Wildlife, Gifts, Gates Of The Arctic National Park Alaska, Gates Of The Arctic National Park National Park, Gates Of The Arctic National Park Gates Of The Arctic, Gates Of The Arctic National Park Hiking, Gates Of The Arctic National Park Park, Gates Of The Arctic National Park Travel, Gates Of The Arctic National Park Nature, Gates Of The Arctic National Park Usa, Gates Of The Arctic National Park National, Gates Of The Arctic National Park Camping, Gates Of The Arctic National Park Mountain, Gates Of The Arctic National Park Vintage, Gates Of The Arctic National Park Retro, Gates Of The Arctic National Park America, Gates Of The Arctic National Park Adventure, Gates Of The Arctic National Park Mountains, Gates Of The Arctic National Park Wildlife, Gates Of The Arctic National Park Gifts,",this Gates of the Arctic national park product makes an excellent gift or souvenir for anyone visiting this beautiful place. click on dr national parks co for more options!,#ffffff
C:\Users\Administrator\Desktop\NP Denali R\91FQiRbrlzL.png,Gates of the Arctic National Park Retro Hiking Vintage 80s ,"Alaska, National Park, Gates Of The Arctic, Hiking, Park, Travel, Nature, Usa, National, Camping, Mountain, Vintage, Retro, America, Adventure, Mountains, Wildlife, Gifts, Gates Of The Arctic National Park Alaska, Gates Of The Arctic National Park National Park, Gates Of The Arctic National Park Gates Of The Arctic, Gates Of The Arctic National Park Hiking, Gates Of The Arctic National Park Park, Gates Of The Arctic National Park Travel, Gates Of The Arctic National Park Nature, Gates Of The Arctic National Park Usa, Gates Of The Arctic National Park National, Gates Of The Arctic National Park Camping, Gates Of The Arctic National Park Mountain, Gates Of The Arctic National Park Vintage, Gates Of The Arctic National Park Retro, Gates Of The Arctic National Park America, Gates Of The Arctic National Park Adventure, Gates Of The Arctic National Park Mountains, Gates Of The Arctic National Park Wildlife, Gates Of The Arctic National Park Gifts,",Gates of the Arctic National Park Retro Hiking Vintage 80s ,#000000
C:\Users\Administrator\Desktop\NP Denali R\81cSNiQt9PL.png,Gates of The Arctic National Park Travel Alaska Explore,"Alaska, National Park, Gates Of The Arctic, Hiking, Park, Travel, Nature, Usa, National, Camping, Mountain, Vintage, Retro, America, Adventure, Mountains, Wildlife, Gifts, Gates Of The Arctic National Park Alaska, Gates Of The Arctic National Park National Park, Gates Of The Arctic National Park Gates Of The Arctic, Gates Of The Arctic National Park Hiking, Gates Of The Arctic National Park Park, Gates Of The Arctic National Park Travel, Gates Of The Arctic National Park Nature, Gates Of The Arctic National Park Usa, Gates Of The Arctic National Park National, Gates Of The Arctic National Park Camping, Gates Of The Arctic National Park Mountain, Gates Of The Arctic National Park Vintage, Gates Of The Arctic National Park Retro, Gates Of The Arctic National Park America, Gates Of The Arctic National Park Adventure, Gates Of The Arctic National Park Mountains, Gates Of The Arctic National Park Wildlife, Gates Of The Arctic National Park Gifts,",Gates of The Arctic National Park Travel Alaska Explore,#000000
C:\Users\Administrator\Desktop\NP Denali R\A1Iyltn1o0L.png,Mountain Setting Gates Of The Arctic National Park,"Alaska, National Park, Gates Of The Arctic, Hiking, Park, Travel, Nature, Usa, National, Camping, Mountain, Vintage, Retro, America, Adventure, Mountains, Wildlife, Gifts, Gates Of The Arctic National Park Alaska, Gates Of The Arctic National Park National Park, Gates Of The Arctic National Park Gates Of The Arctic, Gates Of The Arctic National Park Hiking, Gates Of The Arctic National Park Park, Gates Of The Arctic National Park Travel, Gates Of The Arctic National Park Nature, Gates Of The Arctic National Park Usa, Gates Of The Arctic National Park National, Gates Of The Arctic National Park Camping, Gates Of The Arctic National Park Mountain, Gates Of The Arctic National Park Vintage, Gates Of The Arctic National Park Retro, Gates Of The Arctic National Park America, Gates Of The Arctic National Park Adventure, Gates Of The Arctic National Park Mountains, Gates Of The Arctic National Park Wildlife, Gates Of The Arctic National Park Gifts,","A mountain setting inspired by Gates Of The Arctic National Park! Do you hike, camp, ski, or climb near Gates Of The Arctic National Park?",#000000
C:\Users\Administrator\Desktop\NP Denali R\81UamLIIgbL.png,National Parks Of Alaska Map ,"Alaska, National Park, Gates Of The Arctic, Hiking, Park, Travel, Nature, Usa, National, Camping, Mountain, Vintage, Retro, America, Adventure, Mountains, Wildlife, Gifts, Gates Of The Arctic National Park Alaska, Gates Of The Arctic National Park National Park, Gates Of The Arctic National Park Gates Of The Arctic, Gates Of The Arctic National Park Hiking, Gates Of The Arctic National Park Park, Gates Of The Arctic National Park Travel, Gates Of The Arctic National Park Nature, Gates Of The Arctic National Park Usa, Gates Of The Arctic National Park National, Gates Of The Arctic National Park Camping, Gates Of The Arctic National Park Mountain, Gates Of The Arctic National Park Vintage, Gates Of The Arctic National Park Retro, Gates Of The Arctic National Park America, Gates Of The Arctic National Park Adventure, Gates Of The Arctic National Park Mountains, Gates Of The Arctic National Park Wildlife, Gates Of The Arctic National Park Gifts,",Perfect leisure shirt. Short-sleeved shirt with a funny saying. Black sayings shirt with textile print. Are you looking for a different t-shirt with a cool and above all different design? Stylish t-shirt with a funny print motif. Always fits!,#000000
C:\Users\Administrator\Desktop\NP Denali R\81Pc8Xv6fHL.png,Protect Our Parks - National Park Bear ,"Alaska, National Park, Gates Of The Arctic, Hiking, Park, Travel, Nature, Usa, National, Camping, Mountain, Vintage, Retro, America, Adventure, Mountains, Wildlife, Gifts, Gates Of The Arctic National Park Alaska, Gates Of The Arctic National Park National Park, Gates Of The Arctic National Park Gates Of The Arctic, Gates Of The Arctic National Park Hiking, Gates Of The Arctic National Park Park, Gates Of The Arctic National Park Travel, Gates Of The Arctic National Park Nature, Gates Of The Arctic National Park Usa, Gates Of The Arctic National Park National, Gates Of The Arctic National Park Camping, Gates Of The Arctic National Park Mountain, Gates Of The Arctic National Park Vintage, Gates Of The Arctic National Park Retro, Gates Of The Arctic National Park America, Gates Of The Arctic National Park Adventure, Gates Of The Arctic National Park Mountains, Gates Of The Arctic National Park Wildlife, Gates Of The Arctic National Park Gifts,","Protect Our Parks graphic design featuring a bear made of sunset and trees. Do you enjoy bear watching for black bear, grizzly bear, or brown bear? If you love camping, hiking, the forest, and the great outdoors then this will look great on you. Wear this on a trip to Glacier Bay, Wrangell-St. Elias, Kenai Fjords, Katmai, Denali, Kobuk Valley, Lake Clark, Gates of the Arctic, Grand Teton, Yellowstone, Glacier, North Cascades, Great Smoky Mountains, Yosemite, Zion, Acadia, or Grand Canyon parks.",#000000
C:\Users\Administrator\Desktop\NP Denali R\A1IVb-aasZL.png,Retro USA Mountain - Gates Of The Arctic National Park,"Alaska, National Park, Gates Of The Arctic, Hiking, Park, Travel, Nature, Usa, National, Camping, Mountain, Vintage, Retro, America, Adventure, Mountains, Wildlife, Gifts, Gates Of The Arctic National Park Alaska, Gates Of The Arctic National Park National Park, Gates Of The Arctic National Park Gates Of The Arctic, Gates Of The Arctic National Park Hiking, Gates Of The Arctic National Park Park, Gates Of The Arctic National Park Travel, Gates Of The Arctic National Park Nature, Gates Of The Arctic National Park Usa, Gates Of The Arctic National Park National, Gates Of The Arctic National Park Camping, Gates Of The Arctic National Park Mountain, Gates Of The Arctic National Park Vintage, Gates Of The Arctic National Park Retro, Gates Of The Arctic National Park America, Gates Of The Arctic National Park Adventure, Gates Of The Arctic National Park Mountains, Gates Of The Arctic National Park Wildlife, Gates Of The Arctic National Park Gifts,","You love Climbing Gates Of The Arctic? The funny saying and National Park apparel for men, women, dad, mom and friends for birthday, christmas and national hiking day. You are looking for mountains Climbing Gates Of The Arctic apparel? The National Park design - perfect for the hiker, american as well as mountaineer and gates of the arctic park.",#000000
C:\Users\Administrator\Desktop\NP Denali R\A1WxBIq3qrL.png,Retro USA Mountain - Gates Of The Arctic National Park,"Alaska, National Park, Gates Of The Arctic, Hiking, Park, Travel, Nature, Usa, National, Camping, Mountain, Vintage, Retro, America, Adventure, Mountains, Wildlife, Gifts, Gates Of The Arctic National Park Alaska, Gates Of The Arctic National Park National Park, Gates Of The Arctic National Park Gates Of The Arctic, Gates Of The Arctic National Park Hiking, Gates Of The Arctic National Park Park, Gates Of The Arctic National Park Travel, Gates Of The Arctic National Park Nature, Gates Of The Arctic National Park Usa, Gates Of The Arctic National Park National, Gates Of The Arctic National Park Camping, Gates Of The Arctic National Park Mountain, Gates Of The Arctic National Park Vintage, Gates Of The Arctic National Park Retro, Gates Of The Arctic National Park America, Gates Of The Arctic National Park Adventure, Gates Of The Arctic National Park Mountains, Gates Of The Arctic National Park Wildlife, Gates Of The Arctic National Park Gifts,","You love Climbing Gates Of The Arctic? The funny saying and National Park apparel for men, women, dad, mom and friends for birthday, christmas and national hiking day. You are looking for mountains Climbing Gates Of The Arctic apparel? The National Park design - perfect for the hiker, american as well as mountaineer and gates of the arctic park.",#000000
C:\Users\Administrator\Desktop\NP Denali R\A1oCEl2uAjL.png,Volcanoes and Bears Katmai Alaska | Katmai,"Alaska, National Park, Gates Of The Arctic, Hiking, Park, Travel, Nature, Usa, National, Camping, Mountain, Vintage, Retro, America, Adventure, Mountains, Wildlife, Gifts, Gates Of The Arctic National Park Alaska, Gates Of The Arctic National Park National Park, Gates Of The Arctic National Park Gates Of The Arctic, Gates Of The Arctic National Park Hiking, Gates Of The Arctic National Park Park, Gates Of The Arctic National Park Travel, Gates Of The Arctic National Park Nature, Gates Of The Arctic National Park Usa, Gates Of The Arctic National Park National, Gates Of The Arctic National Park Camping, Gates Of The Arctic National Park Mountain, Gates Of The Arctic National Park Vintage, Gates Of The Arctic National Park Retro, Gates Of The Arctic National Park America, Gates Of The Arctic National Park Adventure, Gates Of The Arctic National Park Mountains, Gates Of The Arctic National Park Wildlife, Gates Of The Arctic National Park Gifts,",Show off your love for Katmai with this design featuring Katmai's volcanoes and bears!,#000000